trial,is_good,action_approach,reward,p_approach,valence,kc_active_frac,correct
1,0,1,-1.0,0.607196,0.095819,0.079000,0
2,1,1,1.0,0.612653,0.100865,0.072000,1
3,1,1,1.0,0.615992,0.103965,0.067000,1
4,0,0,0.0,0.604121,0.092987,0.080500,1
5,1,0,0.0,0.647692,0.133960,0.073000,0
6,1,1,1.0,0.643771,0.130189,0.063000,1
7,0,1,-1.0,0.596531,0.086027,0.080000,0
8,0,1,-1.0,0.551399,0.045391,0.080000,0
9,1,1,1.0,0.636281,0.123037,0.085000,1
10,0,0,0.0,0.455320,-0.039424,0.080000,1
11,1,1,1.0,0.661374,0.147273,0.068000,1
12,0,0,0.0,0.493108,-0.006065,0.077500,1
13,0,1,-1.0,0.480911,-0.016807,0.082500,0
14,1,0,0.0,0.663184,0.149053,0.073000,0
15,0,0,0.0,0.407377,-0.082460,0.093000,1
16,0,1,0.0,0.429570,-0.062393,0.087000,0
17,0,1,-1.0,0.429460,-0.062492,0.074500,0
18,0,0,0.0,0.331675,-0.154136,0.083500,1
19,0,0,0.0,0.323206,-0.162597,0.071000,1
20,0,0,0.0,0.340327,-0.145605,0.083500,1
21,1,0,0.0,0.645063,0.131429,0.077000,0
22,1,1,1.0,0.643459,0.129890,0.072000,1
23,1,0,0.0,0.687147,0.173100,0.086000,0
24,1,1,1.0,0.684581,0.170479,0.071000,1
25,1,1,1.0,0.724252,0.212443,0.070500,1
26,0,0,0.0,0.412089,-0.078174,0.079000,1
27,0,0,0.0,0.434799,-0.057705,0.088500,1
28,0,0,0.0,0.445689,-0.047983,0.074000,1
29,1,1,1.0,0.736831,0.226504,0.080000,1
30,1,1,1.0,0.769072,0.264678,0.067000,1
31,0,0,0.0,0.501890,0.001663,0.084000,1
32,0,1,-1.0,0.436141,-0.056504,0.091500,0
33,1,1,0.0,0.787603,0.288318,0.073000,1
34,1,1,1.0,0.787056,0.287599,0.069500,1
35,0,0,0.0,0.400875,-0.088400,0.082500,1
36,1,1,1.0,0.773153,0.269764,0.082500,1
37,0,1,-1.0,0.439312,-0.053670,0.080500,0
38,0,1,0.0,0.347172,-0.138928,0.080000,0
39,1,1,1.0,0.788417,0.289390,0.078000,1
40,1,1,1.0,0.802458,0.308380,0.082500,1
41,0,0,0.0,0.357482,-0.128988,0.079500,1
42,1,1,1.0,0.811674,0.321403,0.071000,1
43,1,0,0.0,0.838398,0.362198,0.074500,0
44,1,1,1.0,0.833643,0.354567,0.073500,1
45,0,1,0.0,0.539396,0.034740,0.071000,0
46,0,0,0.0,0.421642,-0.069528,0.078500,1
47,0,1,-1.0,0.395973,-0.092900,0.076000,0
48,0,1,-1.0,0.351014,-0.135208,0.084500,0
49,1,1,1.0,0.796359,0.300012,0.076000,1
50,1,1,1.0,0.792451,0.294747,0.067000,1
51,1,1,1.0,0.833285,0.353999,0.070500,1
52,0,1,-1.0,0.413033,-0.077317,0.076000,0
53,0,0,0.0,0.259459,-0.230733,0.074500,1
54,0,0,0.0,0.261710,-0.228162,0.079000,1
55,0,0,0.0,0.347300,-0.138804,0.081500,1
56,1,1,1.0,0.810994,0.320426,0.073000,1
57,1,1,1.0,0.837134,0.360152,0.060000,1
58,0,0,0.0,0.401799,-0.087554,0.086500,1
59,0,0,0.0,0.340966,-0.144978,0.074500,1
60,1,1,1.0,0.834902,0.356570,0.070500,1
61,1,1,1.0,0.814936,0.326130,0.080000,1
62,0,1,-1.0,0.426754,-0.064923,0.088500,0
63,1,1,0.0,0.818356,0.331154,0.072000,1
64,1,0,0.0,0.834378,0.355736,0.067500,0
65,1,1,1.0,0.826180,0.342935,0.067500,1
66,0,1,-1.0,0.362161,-0.124520,0.087000,0
67,1,1,1.0,0.804956,0.311864,0.074500,1
68,1,1,1.0,0.837070,0.360048,0.069000,1
69,1,1,1.0,0.822698,0.337641,0.075500,1
70,1,1,0.0,0.844133,0.371648,0.072000,1
71,1,1,1.0,0.829522,0.348093,0.074500,1
72,0,1,-1.0,0.347369,-0.138737,0.086500,0
73,1,1,1.0,0.815502,0.326957,0.081500,1
74,1,1,1.0,0.837286,0.360398,0.072500,1
75,1,1,1.0,0.842530,0.368977,0.075000,1
76,1,1,1.0,0.845409,0.373789,0.077000,1
77,1,1,1.0,0.828035,0.345788,0.075500,1
78,0,1,-1.0,0.320111,-0.165718,0.071500,0
79,0,0,0.0,0.226165,-0.270620,0.073000,1
80,0,0,0.0,0.354493,-0.131856,0.082500,1
81,1,0,0.0,0.842831,0.369478,0.069000,0
82,0,0,0.0,0.261290,-0.228640,0.078500,1
83,0,1,-1.0,0.252916,-0.238286,0.082000,0
84,1,1,1.0,0.841356,0.367037,0.073500,1
85,0,0,0.0,0.252152,-0.239176,0.073500,1
86,1,1,1.0,0.839261,0.363603,0.064500,1
87,0,0,0.0,0.272870,-0.215624,0.072000,1
88,0,0,0.0,0.360049,-0.126533,0.079500,1
89,1,1,1.0,0.838239,0.361941,0.074000,1
90,1,1,1.0,0.841746,0.367681,0.078500,1
91,0,0,0.0,0.322769,-0.163037,0.077500,1
92,1,1,1.0,0.834477,0.355893,0.075000,1
93,1,1,1.0,0.857158,0.394215,0.064500,1
94,0,0,0.0,0.227595,-0.268827,0.079000,1
95,0,0,0.0,0.257077,-0.233467,0.079000,1
96,0,0,0.0,0.332936,-0.152886,0.075000,1
97,0,0,0.0,0.333586,-0.152243,0.083000,1
98,0,1,0.0,0.362287,-0.124399,0.085000,0
99,1,1,1.0,0.859151,0.397817,0.071500,1
100,1,1,1.0,0.841874,0.367892,0.076000,1
101,0,1,-1.0,0.318991,-0.166850,0.080000,0
102,0,1,-1.0,0.285105,-0.202242,0.074500,0
103,0,1,-1.0,0.210801,-0.290423,0.080000,0
104,1,1,1.0,0.824633,0.340573,0.067500,1
105,1,1,1.0,0.816189,0.327963,0.061500,1
106,1,1,1.0,0.817059,0.329240,0.074500,1
107,1,1,1.0,0.841203,0.366785,0.072500,1
108,0,1,-1.0,0.307414,-0.178692,0.074000,0
109,0,1,-1.0,0.207060,-0.295402,0.074000,0
110,0,1,0.0,0.195198,-0.311648,0.080500,0
111,0,0,0.0,0.224963,-0.272134,0.077500,1
112,0,1,-1.0,0.216528,-0.282923,0.075500,0
113,0,0,0.0,0.173078,-0.344073,0.081500,1
114,0,0,0.0,0.224854,-0.272272,0.091500,1
115,1,1,1.0,0.762857,0.257049,0.079500,1
116,0,0,0.0,0.239135,-0.254634,0.079000,1
117,1,1,1.0,0.808237,0.316491,0.073500,1
118,1,1,1.0,0.828838,0.347031,0.070000,1
119,0,1,-1.0,0.215446,-0.284329,0.083000,0
120,0,0,0.0,0.200802,-0.303883,0.066000,1
121,0,0,0.0,0.230037,-0.265782,0.081500,1
122,1,0,0.0,0.821670,0.336095,0.081500,0
123,1,1,1.0,0.825912,0.342525,0.077000,1
124,0,0,0.0,0.210136,-0.291303,0.073500,1
125,0,1,-1.0,0.210513,-0.290804,0.072000,0
126,1,1,1.0,0.819297,0.332551,0.075000,1
127,1,1,1.0,0.815824,0.327427,0.073500,1
128,0,1,-1.0,0.184270,-0.327290,0.072500,0
129,0,0,0.0,0.187716,-0.322283,0.074500,1
130,0,0,0.0,0.199620,-0.305507,0.097500,1
131,1,1,1.0,0.823502,0.338856,0.068000,1
132,0,1,-1.0,0.237434,-0.256696,0.084500,0
133,1,0,0.0,0.790168,0.291706,0.080500,0
134,1,1,1.0,0.780235,0.278747,0.081500,1
135,0,0,0.0,0.257773,-0.232667,0.079500,1
136,1,1,1.0,0.796943,0.300805,0.080500,1
137,1,0,0.0,0.828558,0.346597,0.080500,0
138,0,0,0.0,0.189152,-0.320217,0.081500,1
139,0,0,0.0,0.204475,-0.298882,0.083000,1
140,1,1,1.0,0.822765,0.337743,0.076500,1
141,1,0,0.0,0.810451,0.319648,0.079000,0
142,0,0,0.0,0.284862,-0.202503,0.071500,1
143,1,1,1.0,0.810090,0.319131,0.067000,1
144,0,0,0.0,0.335517,-0.150334,0.080500,1
145,0,0,0.0,0.234831,-0.259871,0.080000,1
146,1,1,1.0,0.815605,0.327107,0.085000,1
147,1,1,1.0,0.840374,0.365423,0.071500,1
148,1,1,1.0,0.833755,0.354746,0.077500,1
149,0,1,-1.0,0.249389,-0.242413,0.074500,0
150,0,1,-1.0,0.209680,-0.291908,0.072500,0
151,1,1,1.0,0.789988,0.291468,0.083000,1
152,1,1,1.0,0.843504,0.370597,0.072000,1
153,1,1,1.0,0.840200,0.365137,0.065000,1
154,0,0,0.0,0.229430,-0.266538,0.082500,1
155,0,1,-1.0,0.244030,-0.248757,0.085500,0
156,1,1,1.0,0.818688,0.331647,0.075500,1
157,1,1,1.0,0.831217,0.350742,0.068500,1
158,1,1,1.0,0.820711,0.334657,0.080500,1
159,1,0,0.0,0.848133,0.378407,0.075000,0
160,1,1,1.0,0.840982,0.366422,0.076000,1
161,0,0,0.0,0.253867,-0.237181,0.095000,1
162,0,0,0.0,0.261157,-0.228792,0.079500,1
163,0,0,0.0,0.339537,-0.146379,0.084000,1
164,0,0,0.0,0.233372,-0.261661,0.077500,1
165,1,0,0.0,0.828177,0.346007,0.072500,0
166,0,1,-1.0,0.303794,-0.182445,0.083500,0
167,0,0,0.0,0.218914,-0.279841,0.072000,1
168,0,1,-1.0,0.213268,-0.287174,0.083500,0
169,0,0,0.0,0.188821,-0.320692,0.076500,1
170,0,0,0.0,0.267351,-0.221783,0.080500,1
171,0,0,0.0,0.165064,-0.356624,0.092500,1
172,1,1,1.0,0.786029,0.286254,0.080500,1
173,1,1,1.0,0.840643,0.365865,0.073500,1
174,0,0,0.0,0.191999,-0.316156,0.089000,1
175,1,1,1.0,0.823119,0.338276,0.080500,1
176,0,0,0.0,0.204361,-0.299037,0.078000,1
177,0,1,-1.0,0.223551,-0.273920,0.083000,0
178,1,1,1.0,0.815091,0.326356,0.077500,1
179,0,0,0.0,0.177301,-0.337644,0.070000,1
180,1,0,0.0,0.833058,0.353641,0.078000,0
181,0,0,0.0,0.236311,-0.258063,0.076000,1
182,1,1,1.0,0.833761,0.354755,0.071000,1
183,1,0,0.0,0.839715,0.364343,0.070000,0
184,1,1,1.0,0.831088,0.350538,0.072000,1
185,0,0,0.0,0.230261,-0.265504,0.081500,1
186,0,0,0.0,0.194255,-0.312970,0.076000,1
187,1,1,1.0,0.845974,0.374741,0.070000,1
188,1,1,1.0,0.834279,0.355578,0.064500,1
189,1,0,0.0,0.845596,0.374103,0.075500,0
190,1,1,1.0,0.849968,0.381557,0.072500,1
191,0,0,0.0,0.259359,-0.230847,0.082500,1
192,1,1,1.0,0.837805,0.361237,0.073000,1
193,0,0,0.0,0.242084,-0.251084,0.083500,1
194,0,0,0.0,0.232153,-0.263162,0.085500,1
195,1,1,0.0,0.844879,0.372898,0.070500,1
196,1,0,0.0,0.835605,0.357695,0.084000,0
197,1,1,1.0,0.842886,0.369569,0.073500,1
198,1,1,1.0,0.854366,0.389238,0.076500,1
199,0,0,0.0,0.320356,-0.165470,0.090000,1
200,1,1,1.0,0.856257,0.392600,0.076000,1
