trial,phase,is_a,approach,correct,reward,p_approach,arousal
1,1,1,1,1,1.0,0.610610,0.2500
2,1,1,1,1,1.0,0.621883,0.4854
3,1,0,1,0,0.0,0.581069,0.4572
4,1,1,0,0,0.0,0.625047,0.4305
5,1,1,1,1,1.0,0.636699,0.6555
6,1,0,0,1,0.0,0.591901,0.6173
7,1,1,1,1,1.0,0.646841,0.8313
8,1,0,0,1,0.0,0.591031,0.7829
9,1,0,0,1,0.0,0.591019,0.7373
10,1,0,0,1,0.0,0.596515,0.6944
11,1,1,1,1,1.0,0.674814,0.9039
12,1,0,1,0,-1.0,0.599519,1.0000
13,1,0,0,1,0.0,0.555682,0.9418
14,1,1,1,1,1.0,0.674949,1.0000
15,1,0,1,0,0.0,0.555575,0.9418
16,1,0,1,0,-1.0,0.561615,1.0000
17,1,0,0,1,0.0,0.506889,0.9418
18,1,1,1,1,1.0,0.670095,1.0000
19,1,1,1,1,1.0,0.695518,1.0000
20,1,1,0,0,0.0,0.691343,0.9418
21,1,1,0,0,0.0,0.701499,0.8869
22,1,1,1,1,1.0,0.708843,1.0000
23,1,1,0,0,0.0,0.716166,0.9418
24,1,0,0,1,0.0,0.547366,0.8869
25,1,1,0,0,0.0,0.730920,0.8352
26,1,0,1,0,-1.0,0.544783,1.0000
27,1,1,0,0,0.0,0.687651,0.9418
28,1,1,0,0,0.0,0.694051,0.8869
29,1,0,0,1,0.0,0.452433,0.8352
30,1,1,1,1,1.0,0.701265,1.0000
31,1,1,1,1,1.0,0.703188,1.0000
32,1,1,1,1,1.0,0.716567,1.0000
33,1,0,1,0,-1.0,0.510362,1.0000
34,1,0,0,1,0.0,0.435454,0.9418
35,1,0,1,0,-1.0,0.438722,1.0000
36,1,0,0,1,0.0,0.351198,0.9418
37,1,1,0,0,0.0,0.708608,0.8869
38,1,0,0,1,0.0,0.348276,0.8352
39,1,0,1,0,-1.0,0.405562,1.0000
40,1,1,1,1,1.0,0.689216,1.0000
41,1,1,0,0,0.0,0.691754,0.9418
42,1,1,1,1,1.0,0.696964,1.0000
43,1,1,0,0,0.0,0.716074,0.9418
44,1,0,0,1,0.0,0.393671,0.8869
45,1,1,1,1,1.0,0.723743,1.0000
46,1,1,1,1,1.0,0.701889,1.0000
47,1,0,0,1,0.0,0.384994,0.9418
48,1,1,1,1,1.0,0.718984,1.0000
49,1,0,1,0,-1.0,0.411059,1.0000
50,1,1,0,0,0.0,0.712120,0.9418
51,1,1,1,1,1.0,0.710575,1.0000
52,1,1,1,1,1.0,0.707784,1.0000
53,1,0,1,0,-1.0,0.343187,1.0000
54,1,1,0,0,0.0,0.717868,0.9418
55,1,1,1,1,1.0,0.723734,1.0000
56,1,0,0,1,0.0,0.285806,0.9418
57,1,1,1,1,1.0,0.737648,1.0000
58,1,0,0,1,0.0,0.339311,0.9418
59,1,0,1,0,-1.0,0.330619,1.0000
60,1,0,0,1,0.0,0.292953,0.9418
61,1,0,0,1,0.0,0.316349,0.8869
62,1,1,1,1,1.0,0.700743,1.0000
63,1,0,0,1,0.0,0.294092,0.9418
64,1,1,1,1,1.0,0.742170,1.0000
65,1,1,1,1,1.0,0.732182,1.0000
66,1,0,0,1,0.0,0.329261,0.9418
67,1,1,1,1,1.0,0.690381,1.0000
68,1,1,1,1,1.0,0.740965,1.0000
69,1,1,0,0,0.0,0.727333,0.9418
70,1,0,0,1,0.0,0.351725,0.8869
71,1,1,0,0,0.0,0.729120,0.8352
72,1,0,1,0,-1.0,0.355970,1.0000
73,1,0,0,1,0.0,0.348928,0.9418
74,1,1,1,1,1.0,0.744345,1.0000
75,1,1,0,0,0.0,0.722695,0.9418
76,1,1,1,1,1.0,0.725282,1.0000
77,1,0,0,1,0.0,0.363934,0.9418
78,1,0,0,1,0.0,0.299658,0.8869
79,1,0,0,1,0.0,0.293082,0.8352
80,1,0,0,1,0.0,0.299174,0.7866
81,1,1,1,1,1.0,0.752567,0.9908
82,1,1,0,0,0.0,0.729952,0.9331
83,1,0,1,0,-1.0,0.368550,1.0000
84,1,1,1,1,0.0,0.724451,0.9418
85,1,0,0,1,0.0,0.311775,0.8869
86,1,1,1,1,0.0,0.743285,0.8352
87,1,0,0,1,0.0,0.324594,0.7866
88,1,1,1,1,1.0,0.743497,0.9908
89,1,0,0,1,0.0,0.348176,0.9331
90,1,1,1,1,0.0,0.727661,0.8787
91,1,0,0,1,0.0,0.307637,0.8275
92,1,0,1,0,-1.0,0.306420,1.0000
93,1,0,0,1,0.0,0.278386,0.9418
94,1,0,0,1,0.0,0.292634,0.8869
95,1,0,0,1,0.0,0.269452,0.8352
96,1,1,1,1,1.0,0.731521,1.0000
97,1,1,1,1,1.0,0.692688,1.0000
98,1,1,1,1,1.0,0.722112,1.0000
99,1,0,1,0,-1.0,0.324545,1.0000
100,1,0,1,0,-1.0,0.292574,1.0000
1,2,1,1,0,-1.0,0.780985,0.5101
2,2,0,0,0,0.0,0.208602,0.4804
3,2,1,1,0,-1.0,0.697572,0.7524
4,2,1,1,0,0.0,0.650040,0.7086
5,2,1,1,0,-1.0,0.660582,0.9673
6,2,0,0,0,0.0,0.261104,0.9109
7,2,0,1,1,1.0,0.232315,1.0000
8,2,1,1,0,-1.0,0.603065,1.0000
9,2,1,0,1,0.0,0.576425,0.9418
10,2,1,1,0,-1.0,0.577161,1.0000
11,2,0,0,0,0.0,0.304139,0.9418
12,2,1,0,1,0.0,0.513613,0.8869
13,2,1,1,0,0.0,0.459871,0.8352
14,2,1,1,0,-1.0,0.514962,1.0000
15,2,0,0,0,0.0,0.274903,0.9418
16,2,1,0,1,0.0,0.450274,0.8869
17,2,1,0,1,0.0,0.422837,0.8352
18,2,1,0,1,0.0,0.419069,0.7866
19,2,1,1,0,-1.0,0.420599,1.0000
20,2,1,0,1,0.0,0.376537,0.9418
21,2,0,0,0,0.0,0.279771,0.8869
22,2,0,0,0,0.0,0.274430,0.8352
23,2,0,1,1,1.0,0.266266,1.0000
24,2,1,0,1,0.0,0.380488,0.9418
25,2,1,0,1,0.0,0.382092,0.8869
26,2,0,0,0,0.0,0.332116,0.8352
27,2,1,0,1,0.0,0.378976,0.7866
28,2,0,0,0,0.0,0.331101,0.7408
29,2,1,1,0,-1.0,0.358189,0.9976
30,2,0,1,1,0.0,0.322947,0.9395
31,2,0,1,1,1.0,0.318246,1.0000
32,2,0,1,1,1.0,0.389319,1.0000
33,2,0,0,0,0.0,0.431437,0.9418
34,2,0,1,1,0.0,0.426822,0.8869
35,2,1,0,1,0.0,0.367880,0.8352
36,2,1,0,1,0.0,0.357377,0.7866
37,2,1,1,0,-1.0,0.362562,1.0000
38,2,0,0,0,0.0,0.424009,0.9418
39,2,1,0,1,0.0,0.345987,0.8869
40,2,1,1,0,-1.0,0.344859,1.0000
41,2,1,1,0,-1.0,0.323710,1.0000
42,2,0,0,0,0.0,0.406476,0.9418
43,2,1,1,0,-1.0,0.287825,1.0000
44,2,1,1,0,-1.0,0.276881,1.0000
45,2,0,0,0,0.0,0.372891,0.9418
46,2,0,1,1,1.0,0.371041,1.0000
47,2,0,0,0,0.0,0.443003,0.9418
48,2,0,0,0,0.0,0.467688,0.8869
49,2,1,1,0,0.0,0.251256,0.8352
50,2,0,1,1,1.0,0.439165,1.0000
51,2,1,1,0,0.0,0.294304,0.9418
52,2,1,0,1,0.0,0.259358,0.8869
53,2,0,1,1,1.0,0.510231,1.0000
54,2,1,0,1,0.0,0.279429,0.9418
55,2,1,0,1,0.0,0.284823,0.8869
56,2,0,1,1,1.0,0.524295,1.0000
57,2,0,0,0,0.0,0.563797,0.9418
58,2,0,1,1,1.0,0.560850,1.0000
59,2,1,1,0,-1.0,0.303521,1.0000
60,2,0,1,1,0.0,0.575125,0.9418
61,2,0,1,1,1.0,0.590307,1.0000
62,2,0,1,1,1.0,0.609067,1.0000
63,2,0,1,1,1.0,0.613120,1.0000
64,2,0,1,1,1.0,0.630358,1.0000
65,2,0,1,1,1.0,0.647731,1.0000
66,2,0,1,1,0.0,0.651784,0.9418
67,2,0,1,1,1.0,0.664500,1.0000
68,2,0,1,1,1.0,0.656169,1.0000
69,2,0,0,0,0.0,0.665583,0.9418
70,2,1,0,1,0.0,0.300191,0.8869
71,2,0,1,1,1.0,0.669112,1.0000
72,2,1,1,0,-1.0,0.271600,1.0000
73,2,0,1,1,1.0,0.668110,1.0000
74,2,1,1,0,-1.0,0.303085,1.0000
75,2,0,1,1,1.0,0.665595,1.0000
76,2,0,0,0,0.0,0.673479,0.9418
77,2,1,0,1,0.0,0.269373,0.8869
78,2,0,1,1,1.0,0.688176,1.0000
79,2,0,1,1,0.0,0.693057,0.9418
80,2,1,0,1,0.0,0.311723,0.8869
81,2,0,1,1,1.0,0.690286,1.0000
82,2,0,0,0,0.0,0.689034,0.9418
83,2,0,0,0,0.0,0.684564,0.8869
84,2,0,1,1,1.0,0.686664,1.0000
85,2,0,1,1,1.0,0.691473,1.0000
86,2,1,0,1,0.0,0.318934,0.9418
87,2,0,0,0,0.0,0.697132,0.8869
88,2,0,1,1,1.0,0.698752,1.0000
89,2,1,0,1,0.0,0.314042,0.9418
90,2,0,1,1,1.0,0.720563,1.0000
91,2,1,1,0,-1.0,0.321378,1.0000
92,2,0,1,1,1.0,0.699627,1.0000
93,2,0,0,0,0.0,0.713281,0.9418
94,2,0,1,1,1.0,0.729881,1.0000
95,2,0,0,0,0.0,0.703841,0.9418
96,2,1,0,1,0.0,0.311940,0.8869
97,2,1,0,1,0.0,0.294269,0.8352
98,2,1,1,0,-1.0,0.257323,1.0000
99,2,1,0,1,0.0,0.315011,0.9418
100,2,1,1,0,-1.0,0.285839,1.0000
1,3,0,1,0,-1.0,0.753677,0.5101
2,3,0,0,1,0.0,0.684219,0.4804
3,3,1,1,1,1.0,0.202220,0.7024
4,3,1,1,1,1.0,0.285317,0.9115
5,3,0,1,0,0.0,0.670665,0.8584
6,3,1,0,0,0.0,0.331864,0.8084
7,3,1,1,1,1.0,0.354084,1.0000
8,3,1,1,1,1.0,0.458845,1.0000
9,3,1,1,1,1.0,0.494417,1.0000
10,3,1,1,1,1.0,0.564161,1.0000
11,3,0,1,0,-1.0,0.686680,1.0000
12,3,0,1,0,-1.0,0.644124,1.0000
13,3,0,1,0,0.0,0.599972,0.9418
14,3,0,0,1,0.0,0.616646,0.8869
15,3,0,1,0,-1.0,0.615644,1.0000
16,3,1,1,1,0.0,0.543745,0.9418
17,3,1,1,1,1.0,0.540937,1.0000
18,3,0,1,0,-1.0,0.571666,1.0000
19,3,1,1,1,1.0,0.564358,1.0000
20,3,1,1,1,1.0,0.587797,1.0000
21,3,0,0,1,0.0,0.538596,0.9418
22,3,0,1,0,-1.0,0.547811,1.0000
23,3,0,0,1,0.0,0.489003,0.9418
24,3,0,0,1,0.0,0.431110,0.8869
25,3,1,0,0,0.0,0.599748,0.8352
26,3,0,1,0,-1.0,0.463494,1.0000
27,3,0,1,0,-1.0,0.398518,1.0000
28,3,0,0,1,0.0,0.318105,0.9418
29,3,0,0,1,0.0,0.347729,0.8869
30,3,0,1,0,-1.0,0.331107,1.0000
31,3,1,0,0,0.0,0.567583,0.9418
32,3,1,1,1,1.0,0.568117,1.0000
33,3,1,1,1,1.0,0.581611,1.0000
34,3,1,0,0,0.0,0.610055,0.9418
35,3,1,1,1,1.0,0.606014,1.0000
36,3,0,0,1,0.0,0.339672,0.9418
37,3,1,1,1,1.0,0.612193,1.0000
38,3,1,0,0,0.0,0.635016,0.9418
39,3,0,1,0,-1.0,0.358703,1.0000
40,3,1,0,0,0.0,0.631610,0.9418
41,3,0,0,1,0.0,0.319105,0.8869
42,3,0,0,1,0.0,0.316728,0.8352
43,3,1,1,1,1.0,0.628363,1.0000
44,3,1,0,0,0.0,0.645899,0.9418
45,3,1,1,1,0.0,0.637709,0.8869
46,3,0,1,0,-1.0,0.281203,1.0000
47,3,1,1,1,1.0,0.647602,1.0000
48,3,0,1,0,-1.0,0.298735,1.0000
49,3,1,0,0,0.0,0.641297,0.9418
50,3,1,1,1,1.0,0.627974,1.0000
51,3,1,0,0,0.0,0.640618,0.9418
52,3,1,1,1,1.0,0.665695,1.0000
53,3,1,1,1,1.0,0.662987,1.0000
54,3,0,0,1,0.0,0.320902,0.9418
55,3,1,1,1,1.0,0.664052,1.0000
56,3,1,1,1,1.0,0.679409,1.0000
57,3,1,1,1,0.0,0.679380,0.9418
58,3,0,0,1,0.0,0.310717,0.8869
59,3,0,1,0,-1.0,0.310467,1.0000
60,3,0,0,1,0.0,0.295580,0.9418
